date,price_usd,volume_usd,nav_usd,gap
2023-03-22 00:00:00+00:00,96.87457700809207,0.1450922814318765,105.3572804401418,-8.051369014663525
2023-03-23 00:00:00+00:00,96.87457700809207,0.1450922814318765,105.3671550943731,-8.059986130093927
2023-03-24 00:00:00+00:00,96.82966191055314,0.1450250105939133,105.3770306741104,-8.111225671172022
2023-09-27 00:00:00+00:00,102.898322604195,0.1450250105939133,105.38690717944046,-2.3613792660298727
2023-09-28 00:00:00+00:00,102.898322604195,0.1450250105939133,105.39678461045001,-2.370529628099575
2023-09-29 00:00:00+00:00,102.916202045787,0.1450250105939133,105.40666296722584,-2.362716787849739
2023-09-30 00:00:00+00:00,102.962247363595,0.1450250105939133,105.4165422498547,-2.3281876201579603
2023-10-01 00:00:00+00:00,102.962247363595,0.1450250105939133,105.42642245842336,-2.3373410928367133
2023-10-02 00:00:00+00:00,102.962247363595,0.1450250105939133,105.43630359301862,-2.3464937076829027
2023-10-03 00:00:00+00:00,102.960811248414,0.1450250105939133,105.44618565372727,-2.357007406104702
2023-10-04 00:00:00+00:00,102.986317782956,0.1450250105939133,105.45606864063609,-2.341971296214632
2023-10-05 00:00:00+00:00,102.99486116952,0.1450250105939133,105.46595255383191,-2.343022866124141
2023-10-06 00:00:00+00:00,103.031587719159,0.1450250105939133,105.47583739340153,-2.3173550783256807
2023-10-07 00:00:00+00:00,103.086924612938,0.1450250105939133,105.4857231594318,-2.274050435117399
2023-10-08 00:00:00+00:00,103.086924612938,0.1450250105939133,105.49560985200954,-2.283208981350468
2023-10-09 00:00:00+00:00,103.086924612938,0.1450250105939133,105.50549747122157,-2.29236666927548
2023-10-10 00:00:00+00:00,103.095671447583,0.1450250105939133,105.51538601715477,-2.2932338693983145
2023-10-11 00:00:00+00:00,103.103048701038,0.1450250105939133,105.52527548989598,-2.2953996354076303
2023-10-12 00:00:00+00:00,103.111564591284,0.1450250105939133,105.53516588953207,-2.2964869366718528
2023-10-13 00:00:00+00:00,103.120332023662,0.1450250105939133,105.54505721614991,-2.297336565484276
2023-10-14 00:00:00+00:00,103.175947733544,0.1450250105939133,105.5549494698364,-2.253804059630783
2023-10-15 00:00:00+00:00,103.175947733544,0.1450250105939133,105.56484265067841,-2.2629645032858448
2023-10-16 00:00:00+00:00,103.175947733544,0.1450250105939133,105.57473675876284,-2.272124088455025
2023-10-17 00:00:00+00:00,103.193964371338,0.1450250105939133,105.5846317941766,-2.2642191218688876
2023-10-18 00:00:00+00:00,103.20116118936,0.1450250105939133,105.5945277570066,-2.2665630676943866
2023-10-19 00:00:00+00:00,103.209945062891,0.1450250105939133,105.60442464733977,-2.267404602075158
2023-10-20 00:00:00+00:00,103.218718123668,0.1450250105939133,105.61432246526304,-2.2682570750600326
2023-10-21 00:00:00+00:00,103.26482490836,0.1450250105939133,105.62422121086335,-2.2337644485852968
2023-10-22 00:00:00+00:00,103.26482490836,0.1450250105939133,105.63412088422764,-2.2429267702850795
2023-10-23 00:00:00+00:00,103.26482490836,0.1450250105939133,105.64402148544286,-2.2520882333229855
2023-10-24 00:00:00+00:00,103.292218767415,0.1450250105939133,105.65392301459599,-2.2353209230619178
2023-10-25 00:00:00+00:00,103.309092127473,0.1450250105939133,105.66382547177399,-2.228514189967518
2023-10-26 00:00:00+00:00,103.316396072863,0.1450250105939133,105.67372885706384,-2.2307652144928145
2023-10-27 00:00:00+00:00,103.31568335201,0.1450250105939133,105.68363317055253,-2.240602208216218
2023-10-28 00:00:00+00:00,103.380867044363,0.1450250105939133,105.69353841232706,-2.1880915358722914
2023-10-29 00:00:00+00:00,103.380867044363,0.1450250105939133,105.70344458247442,-2.1972581378833325
2023-10-30 00:00:00+00:00,103.380867044363,0.1450250105939133,105.71335168108163,-2.206423880831367
2023-10-31 00:00:00+00:00,103.39906427543,0.1450250105939133,105.72325970823572,-2.198376628964891
2023-11-01 00:00:00+00:00,103.39906427543,0.1450250105939133,105.73316866402371,-2.20754226709172
2023-11-02 00:00:00+00:00,103.39906427543,0.1450250105939133,105.74307854853264,-2.2167070462458716
2023-11-03 00:00:00+00:00,103.39906427543,0.1450250105939133,105.75298936184954,-2.2258709665078427
2023-11-04 00:00:00+00:00,103.39906427543,0.1450250105939133,105.76290110406148,-2.2350340279581284
2023-11-08 00:00:00+00:00,103.39906427543,0.1450250105939133,105.77281377525553,-2.2441962306772214
2023-11-09 00:00:00+00:00,103.39906427543,0.1450250105939133,105.78272737551873,-2.253357574745587
2023-11-10 00:00:00+00:00,103.39906427543,0.1450250105939133,105.79264190493818,-2.262518060243701
2023-11-11 00:00:00+00:00,103.39906427543,0.1450250105939133,105.80255736360095,-2.271677687252025
2023-11-13 00:00:00+00:00,103.39906427543,0.1450250105939133,105.81247375159415,-2.280836455851017
2023-11-14 00:00:00+00:00,103.39906427543,0.1450250105939133,105.82239106900487,-2.2899943661211086
2023-11-19 00:00:00+00:00,103.39906427543,0.1450250105939133,105.83230931592021,-2.299151418142755
2023-11-20 00:00:00+00:00,103.39906427543,0.1450250105939133,105.84222849242731,-2.308307611996382
2023-11-21 00:00:00+00:00,103.39906427543,0.1450250105939133,105.8521485986133,-2.317462947762429
2023-11-22 00:00:00+00:00,103.39906427543,0.1450250105939133,105.86206963456529,-2.326617425521292
2023-11-23 00:00:00+00:00,103.39906427543,0.1450250105939133,105.87199160037044,-2.3357710453533924
2023-11-24 00:00:00+00:00,103.39906427543,0.1450250105939133,105.8819144961159,-2.3449238073391365
2023-11-25 00:00:00+00:00,103.39906427543,0.1450250105939133,105.89183832188881,-2.3540757115589015
2023-11-26 00:00:00+00:00,103.39906427543,0.1450250105939133,105.90176307777637,-2.3632267580930897
2023-11-27 00:00:00+00:00,103.39906427543,0.1450250105939133,105.91168876386573,-2.372376947022074
2023-11-28 00:00:00+00:00,103.39906427543,0.1450250105939133,105.92161538024408,-2.3815262784262283
2023-11-29 00:00:00+00:00,103.39906427543,0.1450250105939133,105.93154292699862,-2.3906747523859213
2023-11-30 00:00:00+00:00,103.39906427543,0.1450250105939133,105.94147140421653,-2.3998223689814946
2023-12-01 00:00:00+00:00,103.39906427543,0.1450250105939133,105.95140081198504,-2.4089691282933146
2023-12-02 00:00:00+00:00,103.39906427543,0.0,105.96133115039136,-2.418115030401719
2023-12-03 00:00:00+00:00,103.39906427543,0.0,105.9712624195227,-2.4272600753870313
2023-12-04 00:00:00+00:00,103.39906427543,0.0,105.98119461946631,-2.4364042633295844
2023-12-05 00:00:00+00:00,103.39906427543,0.0,105.99112775030942,-2.4455475943096974
2023-12-06 00:00:00+00:00,103.96208352219,0.0,106.00106181213928,-1.9235451561446337
2023-12-07 00:00:00+00:00,103.971080543833,0.0,106.01099680504316,-1.9242496747404636
2023-12-08 00:00:00+00:00,104.006638,0.0,106.02093272910832,-1.89990285621709
2023-12-09 00:00:00+00:00,104.053391,0.0,106.03086958442204,-1.8650027036207197
2023-12-10 00:00:00+00:00,104.053391,0.0,106.04080737107157,-1.8741995844269073
2023-12-11 00:00:00+00:00,104.053391,0.0,106.05074608914423,-1.883395603332468
2023-12-12 00:00:00+00:00,104.05277,0.0,106.0606857387273,-1.8931762742640177
2023-12-13 00:00:00+00:00,104.052452,0.0,106.0706263199081,-1.9026703149855095
2023-12-14 00:00:00+00:00,104.080198,0.0,106.08056783277394,-1.8857080741944525
2023-12-15 00:00:00+00:00,104.080198,0.0,106.09051027741214,-1.8949030145631776
2023-12-16 00:00:00+00:00,104.11758,0.0,106.10045365391004,-1.8688644446120708
2023-12-17 00:00:00+00:00,104.11758,0.0,106.11039796235497,-1.8780609635089287
2023-12-18 00:00:00+00:00,104.168193,0.0,106.12034320283428,-1.839562654921886
2023-12-19 00:00:00+00:00,104.168193,0.0,106.13028937543532,-1.8487619198836038
2023-12-20 00:00:00+00:00,104.189675,0.0,106.14023648024546,-1.8377210612381685
2023-12-21 00:00:00+00:00,104.193901,0.0,106.15018451735207,-1.8429393469705073
2023-12-22 00:00:00+00:00,104.222031,0.0,106.16013348684254,-1.8256405895370758
2023-12-23 00:00:00+00:00,104.287661,0.0,106.17008338880424,-1.7730252522366838
2023-12-24 00:00:00+00:00,104.287661,0.0,106.18003422332458,-1.7822307528592651
2023-12-25 00:00:00+00:00,104.287661,0.0,106.18998599049095,-1.791435390773384
2023-12-26 00:00:00+00:00,104.287661,0.0,106.19993869039078,-1.8006391660599026
2023-12-27 00:00:00+00:00,104.305815,0.0,106.20989232311148,-1.7927495089806706
2023-12-28 00:00:00+00:00,104.324343,0.0,106.21984688874046,-1.7845100932275884
2023-12-29 00:00:00+00:00,104.324136,0.0,106.2298023873652,-1.7939093781010915
2023-12-30 00:00:00+00:00,104.390255,0.0,106.23975881907312,-1.740877275731429
2023-12-31 00:00:00+00:00,104.390255,0.0,106.24971618395166,-1.750085789153878
2024-01-01 00:00:00+00:00,104.390255,0.0,106.25967448208831,-1.759293439585529
2024-01-02 00:00:00+00:00,104.390255,0.0,106.26963371357053,-1.7685002271072443
2024-01-03 00:00:00+00:00,104.418105,0.0,106.2795938784858,-1.7515016858402042
2024-01-04 00:00:00+00:00,104.406435,0.0,106.2895549769216,-1.7716886455404475
2024-01-05 00:00:00+00:00,104.415624,0.0,106.29951700896542,-1.7722498295138445
2024-01-06 00:00:00+00:00,104.462875,0.0,106.30947997470479,-1.7370087551403406
2024-01-07 00:00:00+00:00,104.462875,0.0,106.31944387422719,-1.7462176311074953
2024-01-08 00:00:00+00:00,104.462875,0.0,106.32940870762015,-1.7554256440498608
2024-01-09 00:00:00+00:00,104.471809,0.0,106.3393744749712,-1.7562313904815798
2024-01-10 00:00:00+00:00,104.489739,0.0,106.34934117636787,-1.7485789341035414
2024-01-11 00:00:00+00:00,104.499036,0.0,106.35930881189772,-1.749045600877033
2024-01-12 00:00:00+00:00,104.517779,0.0,106.36927738164827,-1.7406326593769883
2024-01-13 00:00:00+00:00,104.583786,0.0,106.37924688570712,-1.6877924390987102
2024-01-14 00:00:00+00:00,104.583786,0.0,106.3892173241618,-1.6970059274529266
2024-01-15 00:00:00+00:00,104.583786,0.0,106.39918869709992,-1.7062185523501032
2024-01-16 00:00:00+00:00,104.583786,0.0,106.40916100460905,-1.7154303138711695
2024-01-17 00:00:00+00:00,104.611472,0.0,106.41913424677678,-1.6986252139441007
2024-01-18 00:00:00+00:00,104.61123,0.0,106.4291084236907,-1.708065068490274
2024-01-19 00:00:00+00:00,104.629843,0.0,106.43908353543846,-1.6997896593464026
2024-01-20 00:00:00+00:00,104.65812,0.0,106.44905958210764,-1.6824381437829705
2024-01-21 00:00:00+00:00,104.65812,0.0,106.45903656378587,-1.6916521339236812
2024-01-22 00:00:00+00:00,104.65812,0.0,106.4690144805608,-1.700865260560329
2024-01-23 00:00:00+00:00,104.684949,0.0,106.47899333252006,-1.6848810045728846
2024-01-24 00:00:00+00:00,104.703718,0.0,106.48897311975131,-1.6764694666965358
2024-01-25 00:00:00+00:00,104.703493,0.0,106.49895384234219,-1.6858952858824698
2024-01-26 00:00:00+00:00,104.712705,0.0,106.50893550038039,-1.686459912439904
2024-01-27 00:00:00+00:00,104.768821,0.0,106.51891809395357,-1.6429918039628615
2024-01-28 00:00:00+00:00,104.768821,0.0,106.52890162314942,-1.6522094908814338
2024-01-29 00:00:00+00:00,104.768821,0.0,106.53888608805563,-1.6614263139494923
2024-01-30 00:00:00+00:00,104.77739,0.0,106.5488714887599,-1.6625999543756604
2024-01-31 00:00:00+00:00,104.786684,0.0,106.55885782534993,-1.6630938633506496
2024-02-01 00:00:00+00:00,104.795954,0.0,106.56884509791345,-1.663611064082152
2024-02-02 00:00:00+00:00,104.824071,0.0,106.57883330653819,-1.6464454076835302
2024-02-03 00:00:00+00:00,104.895258,0.0,106.58882245131186,-1.5888762183159044
2024-02-04 00:00:00+00:00,104.895258,0.0,106.59881253232221,-1.5980989767645621
2024-02-05 00:00:00+00:00,104.895258,0.0,106.608803549657,-1.6073208708874138
2024-02-06 00:00:00+00:00,104.866151,0.0,106.61879550340397,-1.6438419653202845
2024-02-07 00:00:00+00:00,104.87533,0.0,106.62878839365091,-1.644451203156792
2024-02-08 00:00:00+00:00,104.903619,0.0,106.63878222048557,-1.6271408809770067
2024-02-09 00:00:00+00:00,104.922353,0.0,106.64877698399573,-1.6187939822833655
2024-02-10 00:00:00+00:00,104.969601,0.0,106.6587726842692,-1.5837156585979815
2024-02-11 00:00:00+00:00,104.969601,0.0,106.66876932139377,-1.5929389006768835
2024-02-12 00:00:00+00:00,104.969601,0.0,106.67876689545724,-1.6021612783846575
2024-02-13 00:00:00+00:00,104.978578,0.0,106.68876540654743,-1.6029685975187786
2024-02-14 00:00:00+00:00,104.987926,0.0,106.69876485475217,-1.6034289216760045
2024-02-15 00:00:00+00:00,104.966115,0.0,106.70876524015928,-1.6330900617557154
2024-02-16 00:00:00+00:00,105.003842,0.0,106.71876656285662,-1.6069568812403117
2024-02-17 00:00:00+00:00,105.060859,0.0,106.72876882293201,-1.56275561062562
2024-02-18 00:00:00+00:00,105.060859,0.0,106.73877202047332,-1.5719808170094833
2024-02-19 00:00:00+00:00,105.060859,0.0,106.74877615556842,-1.5812051588381417
2024-02-20 00:00:00+00:00,105.060859,0.0,106.75878122830517,-1.590428636192599
2024-02-21 00:00:00+00:00,105.059761,0.0,106.76878723877145,-1.6006796395930687
2024-02-22 00:00:00+00:00,105.059761,0.0,106.77879418705517,-1.60990129186491
2024-02-23 00:00:00+00:00,105.078209,0.0,106.78880207324421,-1.601846860376757
2024-02-24 00:00:00+00:00,105.087508,0.0,106.79881089742648,-1.602361377478328
2024-02-25 00:00:00+00:00,105.125388,0.0,106.80882065968989,-1.5761176364390097
2024-02-26 00:00:00+00:00,105.125388,0.0,106.81883136012236,-1.585341590578902
2024-02-27 00:00:00+00:00,105.141763,0.0,106.82884299881184,-1.5792364229111824
2024-02-28 00:00:00+00:00,105.141148,0.0,106.83885557584624,-1.589035718040815
2024-02-29 00:00:00+00:00,105.158947,0.0,106.84886909131353,-1.581600353551069
2024-03-01 00:00:00+00:00,105.168086,0.0,106.85888354530165,-1.582271393079691
2024-03-02 00:00:00+00:00,105.225031,0.0,106.86889893789858,-1.5382098573447707
2024-03-03 00:00:00+00:00,105.225031,0.0,106.87891526919228,-1.547437364073815
2024-03-04 00:00:00+00:00,105.225031,0.0,106.88893253927071,-1.5566640060320536
2024-03-05 00:00:00+00:00,105.257849,0.0,106.89895074822189,-1.5351897626078401
2024-03-06 00:00:00+00:00,105.266927,0.0,106.90896989613381,-1.5359262162278096
2024-03-07 00:00:00+00:00,105.281004,0.0,106.91898998309446,-1.5319878941556195
2024-03-08 00:00:00+00:00,105.303274,0.0,106.92901100919187,-1.5203890822969583
2024-03-09 00:00:00+00:00,105.34121,0.0,106.93903297451405,-1.494143840719826
2024-03-10 00:00:00+00:00,105.34121,0.0,106.94905587914903,-1.5033754771672494
2024-03-11 00:00:00+00:00,105.34121,0.0,106.95907972318484,-1.5126062484568512
2024-03-12 00:00:00+00:00,105.350237,0.0,106.96910450670954,-1.513397269403141
2024-03-13 00:00:00+00:00,105.359596,0.0,106.97913022981119,-1.513878666177348
2024-03-14 00:00:00+00:00,105.378116,0.0,106.98915689257784,-1.505798287760501
2024-03-15 00:00:00+00:00,105.387443,0.0,106.99918449509755,-1.506311943126439
2024-03-16 00:00:00+00:00,105.435082,0.0,107.00921303745842,-1.4710238425054172
2024-03-17 00:00:00+00:00,105.435082,0.0,107.01924251974853,-1.4802576456810628
2024-03-18 00:00:00+00:00,105.435082,0.0,107.02927294205597,-1.48949058349583
2024-03-19 00:00:00+00:00,105.453667,0.0,107.03930430446884,-1.4813598750217654
2024-03-20 00:00:00+00:00,105.463052,0.0,107.04933660707526,-1.4818257238694683
2024-03-21 00:00:00+00:00,105.472427,0.0,107.05936984996335,-1.4823016912833933
2024-03-22 00:00:00+00:00,105.498071,0.0,107.06940403322123,-1.4675836177566535
2024-03-23 00:00:00+00:00,105.534283,0.0,107.07943915693704,-1.4429998598259732
2024-03-24 00:00:00+00:00,105.534283,0.0,107.08947522119894,-1.4522362893147112
2024-03-25 00:00:00+00:00,105.534283,0.0,107.09951222609506,-1.4614718531964368
2024-03-26 00:00:00+00:00,105.560426,0.0,107.10955017171358,-1.4462988307112492
2024-03-27 00:00:00+00:00,105.545427,0.0,107.11958905814265,-1.4695370585189789
2024-03-28 00:00:00+00:00,105.54484,0.0,107.12962888547047,-1.4793189353476903
2024-03-29 00:00:00+00:00,105.55592,0.0,107.1396696537852,-1.4782103201391115
2024-03-30 00:00:00+00:00,105.55592,0.0,107.14971136317507,-1.487443449822322
2024-03-31 00:00:00+00:00,105.55592,0.0,107.15975401372826,-1.4966757142077731
2024-04-01 00:00:00+00:00,105.55592,0.0,107.16979760553298,-1.505907113376554
2024-04-02 00:00:00+00:00,105.611232,0.0,107.17984213867744,-1.4635309283697724
2024-04-03 00:00:00+00:00,105.628872,0.0,107.1898876132499,-1.4563086574753845
2024-04-04 00:00:00+00:00,105.642057,0.0,107.19993402933856,-1.4532443918409588
2024-04-05 00:00:00+00:00,105.65532,0.0,107.20998138703169,-1.450108811622031
2024-04-06 00:00:00+00:00,105.669052,0.0,107.22002968641753,-1.4465372663611702
2024-04-07 00:00:00+00:00,105.669052,0.0,107.23007892758434,-1.4557733643361006
2024-04-08 00:00:00+00:00,105.669052,0.0,107.2401291106204,-1.4650085967350983
2024-04-09 00:00:00+00:00,105.710957,0.0,107.25018023561397,-1.4351707682285582
2024-04-10 00:00:00+00:00,105.724924,0.0,107.26023230265335,-1.4313863299505167
2024-04-11 00:00:00+00:00,105.737334,0.0,107.27028531182683,-1.4290549403971886
2024-04-12 00:00:00+00:00,105.750802,0.0,107.2803392632227,-1.4257386523264428
2024-04-13 00:00:00+00:00,105.764033,0.0,107.29039415692928,-1.422644747391586
2024-04-14 00:00:00+00:00,105.764033,0.0,107.30044999303489,-1.4318830844927706
2024-04-15 00:00:00+00:00,105.764033,0.0,107.31050677162786,-1.4411205558081812
2024-04-16 00:00:00+00:00,105.810823,0.0,107.3205644927965,-1.4067588070670682
2024-04-17 00:00:00+00:00,105.824682,0.0,107.3306231566292,-1.403086195103482
2024-04-18 00:00:00+00:00,105.838582,0.0,107.34068276321428,-1.3993769412924244
2024-04-19 00:00:00+00:00,105.852483,0.0,107.35074331264009,-1.395668317150507
2024-04-20 00:00:00+00:00,105.866383,0.0,107.36080480499503,-1.3919621855568458
2024-04-21 00:00:00+00:00,105.894206,0.0,107.37086724036745,-1.3752904100715682
2024-04-22 00:00:00+00:00,105.894206,0.0,107.38093061884574,-1.38453318506146
2024-04-23 00:00:00+00:00,105.894206,0.0,107.3909949405183,-1.3937750938496671
2024-04-24 00:00:00+00:00,105.922135,0.0,107.40106020547353,-1.3770117377278543
2024-04-25 00:00:00+00:00,105.93606,0.0,107.41112641379983,-1.3732901451169637
2024-04-26 00:00:00+00:00,105.950027,0.0,107.42119356558564,-1.369531017812996
2024-04-27 00:00:00+00:00,105.96371,0.0,107.43126166091936,-1.3660378163958689
2024-04-28 00:00:00+00:00,105.990976,0.0,107.44133069988943,-1.3499038874905924
2024-04-29 00:00:00+00:00,105.990976,0.0,107.4514006825843,-1.359149041619714
2024-04-30 00:00:00+00:00,106.018518,0.0,107.46147160909243,-1.342763678447837
2024-05-01 00:00:00+00:00,106.032258,0.0,107.47154347950226,-1.3392247221021543
2024-05-02 00:00:00+00:00,106.032258,0.0,107.48161629390228,-1.348470877046631
2024-05-03 00:00:00+00:00,106.047616,0.0,107.49169005238095,-1.3434285493857623
2024-05-04 00:00:00+00:00,106.061973,0.0,107.50176475502674,-1.3393191807666789
2024-05-05 00:00:00+00:00,106.088792,0.0,107.51184040192817,-1.323620167423577
2024-05-06 00:00:00+00:00,106.088792,0.0,107.52191699317373,-1.3328677847742614
2024-05-07 00:00:00+00:00,106.116406,0.0,107.53199452885192,-1.316434736521241
2024-05-08 00:00:00+00:00,106.130132,0.0,107.54207300905128,-1.3129196504631633
2024-05-09 00:00:00+00:00,106.130132,0.0,107.55215243386031,-1.3221682706301847
2024-05-10 00:00:00+00:00,106.143862,0.0,107.56223280336756,-1.3186513206363633
2024-05-11 00:00:00+00:00,106.157608,0.0,107.57231411766158,-1.3151210227886225
2024-05-12 00:00:00+00:00,106.18748,0.0,107.5823963768309,-1.2966028121784035
2024-05-13 00:00:00+00:00,106.18748,0.0,107.59247958096408,-1.3058529615044476
2024-05-14 00:00:00+00:00,106.214968,0.0,107.6025637301497,-1.2895563842043485
2024-05-15 00:00:00+00:00,106.214968,0.0,107.61264882447632,-1.2988071938978465
2024-05-16 00:00:00+00:00,106.229059,0.0,107.62273486403255,-1.294964178148116
2024-05-17 00:00:00+00:00,106.23951,0.0,107.63282184890696,-1.2945046176182835
2024-05-18 00:00:00+00:00,106.253314,0.0,107.64290977918816,-1.2909310813305626
2024-05-19 00:00:00+00:00,106.282301,0.0,107.65299865496475,-1.2732554337459039
2024-05-20 00:00:00+00:00,106.282301,0.0,107.66308847632534,-1.2825077711094712
2024-05-21 00:00:00+00:00,106.310391,0.0,107.67317924335858,-1.2656710361254038
2024-05-22 00:00:00+00:00,106.324418,0.0,107.68327095615308,-1.261897919785878
2024-05-23 00:00:00+00:00,106.338476,0.0,107.6933636147975,-1.25809759238622
2024-05-24 00:00:00+00:00,106.352398,0.0,107.70345721938048,-1.2544251171329852
2024-05-25 00:00:00+00:00,106.380734,0.0,107.71355176999069,-1.2373724086610336
2024-05-26 00:00:00+00:00,106.380734,0.0,107.72364726671678,-1.24662810886064
2024-05-27 00:00:00+00:00,106.380734,0.0,107.73374370964744,-1.2558829416472577
2024-05-28 00:00:00+00:00,106.380734,0.0,107.74384109887134,-1.2651369071021712
2024-05-29 00:00:00+00:00,106.418029,0.0,107.75393943447718,-1.2397787417224861
2024-05-30 00:00:00+00:00,106.432644,0.0,107.76403871655366,-1.2354721782983291
2024-05-31 00:00:00+00:00,106.446755,0.0,107.77413894518948,-1.2316349341139687
2024-06-01 00:00:00+00:00,106.475059,0.0,107.78424012047336,-1.214631303249944
2024-06-02 00:00:00+00:00,106.475059,0.0,107.79434224249403,-1.223889134669207
2024-06-03 00:00:00+00:00,106.475059,0.0,107.80444531134022,-1.2331460984757499
2024-06-04 00:00:00+00:00,106.502638,0.0,107.81454932710068,-1.2168221592434991
2024-06-05 00:00:00+00:00,106.516708,0.0,107.82465428986414,-1.2130308216412238
2024-06-06 00:00:00+00:00,106.53079,0.0,107.83476019971938,-1.2092299341180162
2024-06-07 00:00:00+00:00,106.544871,0.0,107.84486705675516,-1.2054315538921456
2024-06-08 00:00:00+00:00,106.573034,0.0,107.85497486106026,-1.1885783318865515
2024-06-09 00:00:00+00:00,106.573034,0.0,107.86508361272344,-1.1978386049023795
2024-06-10 00:00:00+00:00,106.573034,0.0,107.87519331183351,-1.2070980100766726
2024-06-11 00:00:00+00:00,106.601185,0.0,107.88530395847927,-1.1902630954939653
2024-06-12 00:00:00+00:00,106.615239,0.0,107.89541555274953,-1.1864976340200957
2024-06-13 00:00:00+00:00,106.629292,0.0,107.90552809473309,-1.1827346728822252
2024-06-14 00:00:00+00:00,106.64317,0.0,107.91564158451878,-1.1791354486107486
2024-06-15 00:00:00+00:00,106.670978,0.0,107.92575602219546,-1.1626307458410587
2024-06-16 00:00:00+00:00,106.670978,0.0,107.93587140785193,-1.171893450577092
2024-06-17 00:00:00+00:00,106.670978,0.0,107.94598774157707,-1.1811552872436921
2024-06-18 00:00:00+00:00,106.698801,0.0,107.95610502345973,-1.1646437440351356
2024-06-19 00:00:00+00:00,106.726608,0.0,107.96622325358878,-1.1481509829951158
2024-06-20 00:00:00+00:00,106.726608,0.0,107.97634243205309,-1.1574150447256688
2024-06-21 00:00:00+00:00,106.740511,0.0,107.98646255894154,-1.1538034763028489
2024-06-22 00:00:00+00:00,106.769635,0.0,107.99658363434303,-1.1360994885701743
2024-06-23 00:00:00+00:00,106.769635,0.0,108.00670565834645,-1.145364679726121
2024-06-24 00:00:00+00:00,106.769635,0.0,108.01682863104071,-1.1546290025796138
2024-06-25 00:00:00+00:00,106.797509,0.0,108.02695255251473,-1.1380896373218146
2024-06-26 00:00:00+00:00,106.811337,0.0,108.03707742285744,-1.1345553323882411
2024-06-27 00:00:00+00:00,106.825127,0.0,108.04720324215776,-1.131057727999516
2024-06-28 00:00:00+00:00,106.839055,0.0,108.05733001050464,-1.1274339375091056
2024-06-29 00:00:00+00:00,106.86805,0.0,108.06745772798703,-1.1098694770871964
2024-06-30 00:00:00+00:00,106.86805,0.0,108.0775863946939,-1.1191371264313148
2024-07-01 00:00:00+00:00,106.86805,0.0,108.08771601071419,-1.1284039072426075
2024-07-02 00:00:00+00:00,106.896353,0.0,108.09784657613689,-1.1114870593565724
2024-07-03 00:00:00+00:00,106.910655,0.0,108.10797809105097,-1.1075251911959254
2024-07-04 00:00:00+00:00,106.938531,0.0,108.11811055554543,-1.0910101457418868
2024-07-05 00:00:00+00:00,106.938531,0.0,108.12824396970927,-1.1002795625188913
2024-07-06 00:00:00+00:00,106.966489,0.0,108.13837833363151,-1.083694199681788
2024-07-07 00:00:00+00:00,106.966489,0.0,108.14851364740116,-1.0929643020845792
2024-07-08 00:00:00+00:00,106.966489,0.0,108.15864991110723,-1.1022335357246444
2024-07-09 00:00:00+00:00,106.994381,0.0,108.16878712483877,-1.0857162736634676
2024-07-10 00:00:00+00:00,107.008501,0.0,108.17892528868482,-1.081933736688037
2024-07-11 00:00:00+00:00,107.008501,0.0,108.18906440273443,-1.0912040040754778
2024-07-12 00:00:00+00:00,107.022622,0.0,108.19920446707665,-1.0874224749357304
2024-07-13 00:00:00+00:00,107.065451,0.0,108.20934548180055,-1.0571124672341232
2024-07-14 00:00:00+00:00,107.065451,0.0,108.2194874469952,-1.066385060787173
2024-07-15 00:00:00+00:00,107.065451,0.0,108.2296303627497,-1.0756567853440548
2024-07-16 00:00:00+00:00,107.093625,0.0,108.23977422915313,-1.0588983923105988
2024-07-17 00:00:00+00:00,107.107774,0.0,108.24991904629458,-1.055100138972038
2024-07-18 00:00:00+00:00,107.121924,0.0,108.26006481426317,-1.0513025428313043
2024-07-19 00:00:00+00:00,107.136074,0.0,108.27021153314803,-1.0475065275002324
2024-07-20 00:00:00+00:00,107.164296,0.0,108.28035920303826,-1.0307161993667915
2024-07-21 00:00:00+00:00,107.164296,0.0,108.290507824023,-1.0399912666889954
2024-07-22 00:00:00+00:00,107.164296,0.0,108.3006573961914,-1.0492654647831956
2024-07-23 00:00:00+00:00,107.192541,0.0,108.31080791963261,-1.0324610637770935
2024-07-24 00:00:00+00:00,107.206688,0.0,108.32095939443577,-1.0286757065899963
2024-07-25 00:00:00+00:00,107.220835,0.0,108.33111182069007,-1.0248919281173887
2024-07-26 00:00:00+00:00,107.235558,0.0,108.34126519848468,-1.020578074715104
2024-07-27 00:00:00+00:00,107.264354,0.0,108.35141952790877,-1.003277606001991
2024-07-28 00:00:00+00:00,107.264354,0.0,108.36157480905155,-1.0125552447765807
2024-07-29 00:00:00+00:00,107.264354,0.0,108.37173104200221,-1.0218320140821788
2024-07-30 00:00:00+00:00,107.293383,0.0,108.38188822684995,-1.0043239185606714
2024-07-31 00:00:00+00:00,107.307532,0.0,108.392046363684,-1.000547918474733
2024-08-01 00:00:00+00:00,107.321698,0.0,108.40220545259359,-0.9967578132588093
2024-08-02 00:00:00+00:00,107.336019,0.0,108.41236549366795,-0.9928263153070133
2024-08-03 00:00:00+00:00,107.364272,0.0,108.4225264869963,-0.9760466955390737
2024-08-04 00:00:00+00:00,107.364272,0.0,108.43268843266793,-0.9853268863027148
2024-08-05 00:00:00+00:00,107.364272,0.0,108.44285133077207,-0.9946062073581898
2024-08-06 00:00:00+00:00,107.392988,0.0,108.453015181398,-0.9774068333877138
2024-08-07 00:00:00+00:00,107.407118,0.0,108.46317998463498,-0.9736594342749147
2024-08-08 00:00:00+00:00,107.421264,0.0,108.4733457405723,-0.9698988570782092
2024-08-09 00:00:00+00:00,107.435404,0.0,108.48351244929925,-0.9661453852622005
2024-08-10 00:00:00+00:00,107.463872,0.0,108.49368011090516,-0.9491871875416776
2024-08-11 00:00:00+00:00,107.463872,0.0,108.5038487254793,-0.958469895487767
2024-08-12 00:00:00+00:00,107.463872,0.0,108.51401829311101,-0.9677517334897927
2024-08-13 00:00:00+00:00,107.491953,0.0,108.52418881388961,-0.9511573642442204
2024-08-14 00:00:00+00:00,107.50611,0.0,108.53436028790443,-0.9473960920549326
2024-08-15 00:00:00+00:00,107.521211,0.0,108.54453271524481,-0.9427667056519522
2024-08-16 00:00:00+00:00,107.536214,0.0,108.55470609600012,-0.9382293339723248
2024-08-17 00:00:00+00:00,107.566245,0.0,108.56488043025969,-0.9198512689388569
2024-08-18 00:00:00+00:00,107.566245,0.0,108.5750557181129,-0.9291367261482492
2024-08-19 00:00:00+00:00,107.566245,0.0,108.58523195964915,-0.9384213131559325
2024-08-20 00:00:00+00:00,107.59623,0.0,108.59540915495779,-0.9200933655786778
2024-08-21 00:00:00+00:00,107.611248,0.0,108.60558730412822,-0.9155507822482185
2024-08-22 00:00:00+00:00,107.626228,0.0,108.61576640724985,-0.9110449062612365
2024-08-23 00:00:00+00:00,107.641204,0.0,108.6259464644121,-0.9065444274261983
2024-08-24 00:00:00+00:00,107.671167,0.0,108.63612747570436,-0.8882500675663031
2024-08-25 00:00:00+00:00,107.671167,0.0,108.64630944121608,-0.8975384863336634
2024-08-26 00:00:00+00:00,107.671167,0.0,108.65649236103667,-0.9068260346217487
2024-08-27 00:00:00+00:00,107.700454,0.0,108.6666762352556,-0.8891614878914653
2024-08-28 00:00:00+00:00,107.71578,0.0,108.67686106396229,-0.8843474632531464
2024-08-29 00:00:00+00:00,107.730846,0.0,108.68704684724624,-0.879774430333106
2024-08-30 00:00:00+00:00,107.745391,0.0,108.69723358519688,-0.8756824380915191
2024-08-31 00:00:00+00:00,107.774486,0.0,108.70742127790372,-0.8582075326014155
2024-09-01 00:00:00+00:00,107.774486,0.0,108.71760992545623,-0.8674987668537788
2024-09-02 00:00:00+00:00,107.774486,0.0,108.7277995279439,-0.8767891303630182
2024-09-03 00:00:00+00:00,107.774486,0.0,108.73799008545623,-0.8860786232107352
2024-09-04 00:00:00+00:00,107.818273,0.0,108.74818159808274,-0.8551026641710094
2024-09-05 00:00:00+00:00,107.833171,0.0,108.75837406591293,-0.8506959338618102
2024-09-06 00:00:00+00:00,107.848051,0.0,108.76856748903634,-0.846307449189428
2024-09-07 00:00:00+00:00,107.87806,0.0,108.77876186754251,-0.8280126120935936
2024-09-08 00:00:00+00:00,107.87806,0.0,108.78895720152099,-0.8373066761120183
2024-09-09 00:00:00+00:00,107.87806,0.0,108.7991534910613,-0.8465998691221197
2024-09-10 00:00:00+00:00,107.908457,0.0,108.80935073625304,-0.8279561730285002
2024-09-11 00:00:00+00:00,107.923461,0.0,108.81954893718574,-0.8234622785497778
2024-09-12 00:00:00+00:00,107.938474,0.0,108.82974809394901,-0.8189618275874363
2024-09-13 00:00:00+00:00,107.953474,0.0,108.83994820663241,-0.8144750353513993
2024-09-14 00:00:00+00:00,107.983385,0.0,108.85014927532555,-0.7962913060717605
2024-09-15 00:00:00+00:00,107.983385,0.0,108.86035130011803,-0.8055883429039392
2024-09-16 00:00:00+00:00,107.983385,0.0,108.87055428109946,-0.8148845084492031
2024-09-17 00:00:00+00:00,108.013249,0.0,108.88075821835946,-0.7967516322945475
2024-09-18 00:00:00+00:00,108.028258,0.0,108.89096311198766,-0.7922651130382843
2024-09-19 00:00:00+00:00,108.043304,0.0,108.90116896207368,-0.7877463302275847
2024-09-20 00:00:00+00:00,108.057552,0.0,108.91137576870719,-0.783961971539534
2024-09-21 00:00:00+00:00,108.084827,0.0,108.92158353197782,-0.7682192131664635
2024-09-22 00:00:00+00:00,108.084827,0.0,108.93179225197524,-0.7775188808204673
2024-09-23 00:00:00+00:00,108.084827,0.0,108.94200192878913,-0.7868176769410027
2024-09-24 00:00:00+00:00,108.112996,0.0,108.95221256250915,-0.7702611473150828
2024-09-25 00:00:00+00:00,108.127104,0.0,108.96242415322499,-0.7666130408867753
2024-09-26 00:00:00+00:00,108.14114,0.0,108.97263670102635,-0.7630325613829271
2024-09-27 00:00:00+00:00,108.154953,0.0,108.98285020600294,-0.7596582438778322
2024-09-28 00:00:00+00:00,108.182881,0.0,108.99306466824446,-0.743335065135124
2024-09-29 00:00:00+00:00,108.182881,0.0,109.00328008784064,-0.7526370648475169
2024-09-30 00:00:00+00:00,108.182881,0.0,109.0134964648812,-0.7619381928078869
2024-10-01 00:00:00+00:00,108.210642,0.0,109.02371379945588,-0.7457751814907697
2024-10-02 00:00:00+00:00,108.226834,0.0,109.03393209165442,-0.740226529642143
2024-10-03 00:00:00+00:00,108.240933,0.0,109.04415134156659,-0.7365991955410928
2024-10-04 00:00:00+00:00,108.254886,0.0,109.05437154928214,-0.7331072912752037
2024-10-05 00:00:00+00:00,108.282461,0.0,109.06459271489084,-0.7171270670174625
2024-10-06 00:00:00+00:00,108.282461,0.0,109.07481483848245,-0.726431522854996
2024-10-07 00:00:00+00:00,108.282461,0.0,109.08503792014679,-0.7357351067103254
2024-10-08 00:00:00+00:00,108.310496,0.0,109.09526195997364,-0.7193400940377832
2024-10-09 00:00:00+00:00,108.32445,0.0,109.10548695805281,-0.715854884872188
2024-10-10 00:00:00+00:00,108.338369,0.0,109.11571291447412,-0.71240327695371
2024-10-11 00:00:00+00:00,108.352273,0.0,109.12593982932736,-0.7089669335607837
2024-10-12 00:00:00+00:00,108.379661,0.0,109.1361677027024,-0.6931768987556848
2024-10-13 00:00:00+00:00,108.379661,0.0,109.14639653468905,-0.7024835991221776
2024-10-14 00:00:00+00:00,108.379661,0.0,109.15662632537716,-0.7117894272961148
2024-10-15 00:00:00+00:00,108.406582,0.0,109.1668570748566,-0.696433968356593
2024-10-16 00:00:00+00:00,108.420415,0.0,109.17708878321721,-0.693070122724802
2024-10-17 00:00:00+00:00,108.4342,0.0,109.1873214505489,-0.6897517409015101
2024-10-18 00:00:00+00:00,108.448025,0.0,109.1975550769415,-0.6863982223900267
2024-10-19 00:00:00+00:00,108.475547,0.0,109.20778966248493,-0.6705040590492434
2024-10-20 00:00:00+00:00,108.475547,0.0,109.21802520726908,-0.6798128842377724
2024-10-21 00:00:00+00:00,108.475547,0.0,109.22826171138385,-0.6891208370346122
2024-10-22 00:00:00+00:00,108.502889,0.0,109.23849917491916,-0.6733982803455189
2024-10-23 00:00:00+00:00,108.516805,0.0,109.24873759796492,-0.6699689296716853
2024-10-24 00:00:00+00:00,108.530376,0.0,109.25897698061108,-0.6668568576661424
2024-10-25 00:00:00+00:00,108.54397,0.0,109.26921732294757,-0.6637251924337323
2024-10-26 00:00:00+00:00,108.571197,0.0,109.27945862506434,-0.6481196319743585
2024-10-27 00:00:00+00:00,108.571197,0.0,109.28970088705134,-0.6574305549558599
2024-10-28 00:00:00+00:00,108.571197,0.0,109.29994410899853,-0.6667406053490711
2024-10-29 00:00:00+00:00,108.598391,0.0,109.3101882909959,-0.651171955811663
2024-10-30 00:00:00+00:00,108.612101,0.0,109.32043343313342,-0.6479414789062993
2024-10-31 00:00:00+00:00,108.625591,0.0,109.33067953550108,-0.6449137044576084
2024-11-01 00:00:00+00:00,108.639231,0.0,109.34092659818887,-0.6417501845100515
2024-11-02 00:00:00+00:00,108.667232,0.0,109.35117462128682,-0.6254552122146826
2024-11-03 00:00:00+00:00,108.667232,0.0,109.36142360488492,-0.6347682592291282
2024-11-04 00:00:00+00:00,108.667232,0.0,109.3716735490732,-0.6440804334562222
2024-11-05 00:00:00+00:00,108.694775,0.0,109.38192445394169,-0.6282111577137494
2024-11-06 00:00:00+00:00,108.708325,0.0,109.39217631958044,-0.6251373202253736
2024-11-07 00:00:00+00:00,108.721874,0.0,109.4024291460795,-0.6220658456959745
2024-11-08 00:00:00+00:00,108.735442,0.0,109.41268293352891,-0.6189784542074968
2024-11-09 00:00:00+00:00,108.762629,0.0,109.42293768201876,-0.6034463120864086
2024-11-10 00:00:00+00:00,108.762629,0.0,109.4331933916391,-0.6127614217007051
2024-11-11 00:00:00+00:00,108.762629,0.0,109.44345006248001,-0.622075658334358
2024-11-12 00:00:00+00:00,108.788085,0.0,109.4537076946316,-0.6081317012016169
2024-11-13 00:00:00+00:00,108.801442,0.0,109.46396628818397,-0.6052441827658219
2024-11-14 00:00:00+00:00,108.814725,0.0,109.47422584322722,-0.6024256743058959
2024-11-15 00:00:00+00:00,108.827965,0.0,109.48448635985146,-0.5996478420637712
2024-11-16 00:00:00+00:00,108.854316,0.0,109.49474783814682,-0.5848973131510374
2024-11-17 00:00:00+00:00,108.854316,0.0,109.50501027820343,-0.5942141611149182
2024-11-18 00:00:00+00:00,108.854316,0.0,109.51527368011143,-0.6035301359352496
2024-11-19 00:00:00+00:00,108.880709,0.0,109.52553804396098,-0.5887476614834458
2024-11-20 00:00:00+00:00,108.89393,0.0,109.53580336984223,-0.5859941225564178
2024-11-21 00:00:00+00:00,108.907157,0.0,109.54606965784535,-0.5832364956962158
2024-11-22 00:00:00+00:00,108.920381,0.0,109.55633690806052,-0.5804829971580764
2024-11-23 00:00:00+00:00,108.946616,0.0,109.56660512057792,-0.5658559192334336
2024-11-24 00:00:00+00:00,108.946616,0.0,109.57687429548774,-0.5751745516925084
2024-11-25 00:00:00+00:00,108.946616,0.0,109.58714443288018,-0.5844923108407888
2024-11-26 00:00:00+00:00,108.972807,0.0,109.59741553284545,-0.5699117354261448
2024-11-27 00:00:00+00:00,108.986096,0.0,109.60768759547376,-0.5671058382034767
2024-11-28 00:00:00+00:00,109.010367,0.0,109.61796062085536,-0.5542829089449021
2024-11-29 00:00:00+00:00,109.010367,0.0,109.62823460908045,-0.5636026259874398
2024-11-30 00:00:00+00:00,109.034774,0.0,109.6385095602393,-0.5506601308800051
2024-12-01 00:00:00+00:00,109.034774,0.0,109.64878547442216,-0.5599801874370849
2024-12-02 00:00:00+00:00,109.034774,0.0,109.65906235171927,-0.5692993705499111
2024-12-03 00:00:00+00:00,109.061854,0.0,109.66934019222091,-0.5539252731494124
2024-12-04 00:00:00+00:00,109.074674,0.0,109.67961899601737,-0.5515564346000623
2024-12-05 00:00:00+00:00,109.087627,0.0,109.68989876319891,-0.5490676625557948
2024-12-06 00:00:00+00:00,109.100531,0.0,109.70017949385584,-0.5466248976278326
2024-12-07 00:00:00+00:00,109.126394,0.0,109.71046118807847,-0.532371463717747
2024-12-08 00:00:00+00:00,109.126394,0.0,109.72074384595709,-0.5416932342269966
2024-12-09 00:00:00+00:00,109.126394,0.0,109.73102746758202,-0.5510141311313673
2024-12-10 00:00:00+00:00,109.152466,0.0,109.74131205304361,-0.5365764651683689
2024-12-11 00:00:00+00:00,109.165468,0.0,109.75159760243218,-0.5340510892200363
2024-12-12 00:00:00+00:00,109.17844,0.0,109.76188411583809,-0.5315543920714305
2024-12-13 00:00:00+00:00,109.191403,0.0,109.77217159335166,-0.5290672352762655
2024-12-14 00:00:00+00:00,109.217366,0.0,109.78246003506327,-0.5147398180754772
2024-12-15 00:00:00+00:00,109.217366,0.0,109.7927494410633,-0.524063240963066
2024-12-16 00:00:00+00:00,109.217366,0.0,109.8030398114421,-0.5333857900909185
2024-12-17 00:00:00+00:00,109.243271,0.0,109.8133311462901,-0.5191174335023914
2024-12-18 00:00:00+00:00,109.256272,0.0,109.82362344569766,-0.5166023737854495
2024-12-19 00:00:00+00:00,109.269086,0.0,109.8339167097552,-0.514258916257907
2024-12-20 00:00:00+00:00,109.281936,0.0,109.84421093855312,-0.5118839980266718
2024-12-21 00:00:00+00:00,109.306707,0.0,109.85450613218185,-0.49865877283423793
2024-12-22 00:00:00+00:00,109.306707,0.0,109.86480229073182,-0.50798370278312
2024-12-23 00:00:00+00:00,109.306707,0.0,109.87509941429346,-0.5173077588310373
2024-12-24 00:00:00+00:00,109.331664,0.0,109.88539750295722,-0.5039190971141664
2024-12-25 00:00:00+00:00,109.356623,0.0,109.89569655681355,-0.49053199870739217
2024-12-26 00:00:00+00:00,109.356623,0.0,109.90599657595293,-0.4998576902701307
2024-12-27 00:00:00+00:00,109.369204,0.0,109.91629756046581,-0.49773652552739095
2024-12-28 00:00:00+00:00,109.394711,0.0,109.92659951044268,-0.4838578768118414
2024-12-29 00:00:00+00:00,109.394711,0.0,109.93690242597404,-0.4931841938507622
2024-12-30 00:00:00+00:00,109.394711,0.0,109.94720630715037,-0.5025096368587173
2024-12-31 00:00:00+00:00,109.419791,0.0,109.95751115406217,-0.489025395735602
2025-01-01 00:00:00+00:00,109.432184,0.0,109.96781696679997,-0.48708156765690563
2025-01-02 00:00:00+00:00,109.432184,0.0,109.97812374545428,-0.4964075825823879
2025-01-03 00:00:00+00:00,109.457863,0.0,109.98843149011564,-0.48238572268695534
2025-01-04 00:00:00+00:00,109.482806,0.0,109.9987402008746,-0.4690364634471463
2025-01-05 00:00:00+00:00,109.482806,0.0,110.00904987782168,-0.4783641694989112
2025-01-06 00:00:00+00:00,109.482806,0.0,110.01936052104746,-0.4876910013895391
2025-01-07 00:00:00+00:00,109.507255,0.0,110.0296721306425,-0.47479658943471975
2025-01-08 00:00:00+00:00,109.51968,0.0,110.03998470669737,-0.47283240549715067
2025-01-09 00:00:00+00:00,109.543752,0.0,110.05029824930264,-0.4602861213107655
2025-01-10 00:00:00+00:00,109.543752,0.0,110.06061275854893,-0.4696146474150742
2025-01-11 00:00:00+00:00,109.568073,0.0,110.0709282345268,-0.45684654666977803
2025-01-12 00:00:00+00:00,109.568073,0.0,110.0812446773269,-0.46617539511941153
2025-01-13 00:00:00+00:00,109.568073,0.0,110.0915620870398,-0.47550336930084514
2025-01-14 00:00:00+00:00,109.592695,0.0,110.10188046375616,-0.46246754516038435
2025-01-15 00:00:00+00:00,109.604856,0.0,110.1121998075666,-0.46075167733751493
2025-01-16 00:00:00+00:00,109.617092,0.0,110.12252011856177,-0.45896889938370933
2025-01-17 00:00:00+00:00,109.629304,0.0,110.1328413968323,-0.45720912168055894
2025-01-18 00:00:00+00:00,109.653819,0.0,110.14316364246886,-0.44428054024061453
2025-01-19 00:00:00+00:00,109.653819,0.0,110.15348685556212,-0.4536105663339632
2025-01-20 00:00:00+00:00,109.653819,0.0,110.16381103620276,-0.46293971804875506
2025-01-21 00:00:00+00:00,109.653819,0.0,110.17413618448145,-0.47226799546693005
2025-01-22 00:00:00+00:00,109.687261,0.0,110.18446230048889,-0.45124447686003377
2025-01-23 00:00:00+00:00,109.699542,0.0,110.19478938431578,-0.4494290402321677
2025-01-24 00:00:00+00:00,109.711868,0.0,110.20511743605283,-0.44757398524532777
2025-01-25 00:00:00+00:00,109.736676,0.0,110.21544645579075,-0.4343950609343986
2025-01-26 00:00:00+00:00,109.736676,0.0,110.22577644362028,-0.443726013461511
2025-01-27 00:00:00+00:00,109.736676,0.0,110.23610739963215,-0.4530560915232484
2025-01-28 00:00:00+00:00,109.761446,0.0,110.24643932391709,-0.43991744939000993
2025-01-29 00:00:00+00:00,109.773787,0.0,110.25677221656586,-0.4380549211228382
2025-01-30 00:00:00+00:00,109.786119,0.0,110.26710607766923,-0.43620177837117796
2025-01-31 00:00:00+00:00,109.79842,0.0,110.27744090731795,-0.4343779683104453
2025-02-01 00:00:00+00:00,109.822687,0.0,110.28777670560282,-0.4217055774406539
2025-02-02 00:00:00+00:00,109.822687,0.0,110.29811347261462,-0.43103771918334394
2025-02-03 00:00:00+00:00,109.822687,0.0,110.30845120844413,-0.44036898634919686
2025-02-04 00:00:00+00:00,109.84583,0.0,110.31878991318216,-0.4287210850974326
2025-02-05 00:00:00+00:00,109.84583,0.0,110.32912958691952,-0.4380525693704139
2025-02-06 00:00:00+00:00,109.855112,0.0,110.33947022974704,-0.43897095820607784
2025-02-07 00:00:00+00:00,109.877687,0.0,110.34981184175554,-0.4278438122147263
2025-02-08 00:00:00+00:00,109.90225,0.0,110.36015442303587,-0.41491825145569966
2025-02-09 00:00:00+00:00,109.90225,0.0,110.37049797367885,-0.42425102928368075
2025-02-10 00:00:00+00:00,109.90225,0.0,110.38084249377535,-0.4335829324752084
2025-02-11 00:00:00+00:00,109.926925,0.0,110.39118798341623,-0.4205616334937699
2025-02-12 00:00:00+00:00,109.939094,0.0,110.40153444269237,-0.41887139071641644
2025-02-13 00:00:00+00:00,109.951005,0.0,110.41188187169463,-0.41741600983688
2025-02-14 00:00:00+00:00,109.962876,0.0,110.42223027051391,-0.4159980009356634
2025-02-15 00:00:00+00:00,109.974861,0.0,110.4325796392411,-0.4144779020252534
2025-02-16 00:00:00+00:00,109.986842,0.0,110.44292997796711,-0.41296258443895234
2025-02-17 00:00:00+00:00,109.998823,0.0,110.45328128678285,-0.4114484255138504
2025-02-18 00:00:00+00:00,110.010803,0.0,110.46363356577926,-0.40993633032142895
2025-02-19 00:00:00+00:00,110.021971,0.0,110.47398681504725,-0.409160407874131
2025-02-20 00:00:00+00:00,110.034168,0.0,110.48434103467777,-0.40745415183901834
2025-02-21 00:00:00+00:00,110.046383,0.0,110.49469622476175,-0.40573279992536065
2025-02-22 00:00:00+00:00,110.046383,0.0,110.50505238539017,-0.4150664385828633
2025-02-23 00:00:00+00:00,110.046383,0.0,110.51540951665399,-0.4243992025232497
2025-02-24 00:00:00+00:00,110.046383,0.0,110.52576761864417,-0.4337310918284866
2025-02-25 00:00:00+00:00,110.093872,0.0,110.5361266914517,-0.400099682057971
2025-02-26 00:00:00+00:00,110.105385,0.0,110.54648673516756,-0.39901922548139973
2025-02-27 00:00:00+00:00,110.117434,0.0,110.55684774988276,-0.3974550277309497
2025-02-28 00:00:00+00:00,110.129715,0.0,110.56720973568831,-0.3956821708118875
2025-03-01 00:00:00+00:00,110.154259,0.0,110.57757269267522,-0.38282056873478754
2025-03-02 00:00:00+00:00,110.154259,0.0,110.58793662093451,-0.3921563546492841
2025-03-03 00:00:00+00:00,110.154259,0.0,110.59830152055723,-0.4014912656454286
2025-03-04 00:00:00+00:00,110.17844,0.0,110.6086673916344,-0.3889635430748736
2025-03-05 00:00:00+00:00,110.190505,0.0,110.61903423425709,-0.3873919504211102
2025-03-06 00:00:00+00:00,110.20268,0.0,110.62940204851634,-0.3857220961288401
2025-03-07 00:00:00+00:00,110.215628,0.0,110.63977083450322,-0.38335476592559903
2025-03-08 00:00:00+00:00,110.24021,0.0,110.65014059230882,-0.370474533619621
2025-03-09 00:00:00+00:00,110.24021,0.0,110.6605113220242,-0.37981147656286934
2025-03-10 00:00:00+00:00,110.24021,0.0,110.67088302374049,-0.3891475444793339
2025-03-11 00:00:00+00:00,110.264444,0.0,110.68125569754875,-0.3765874311073462
2025-03-12 00:00:00+00:00,110.276768,0.0,110.69162934354011,-0.37479016796523584
2025-03-13 00:00:00+00:00,110.288866,0.0,110.70200396180569,-0.37319826834230463
2025-03-14 00:00:00+00:00,110.300912,0.0,110.71237955243662,-0.37165451063377797
2025-03-15 00:00:00+00:00,110.325239,0.0,110.72275611552402,-0.3590202497391503
2025-03-16 00:00:00+00:00,110.325239,0.0,110.73313365115905,-0.3683582661392379
2025-03-17 00:00:00+00:00,110.325239,0.0,110.74351215943285,-0.3776954074119364
2025-03-18 00:00:00+00:00,110.349869,0.0,110.75389164043659,-0.36479317742464223
2025-03-19 00:00:00+00:00,110.362054,0.0,110.76427209426143,-0.3631298131216328
2025-03-20 00:00:00+00:00,110.374188,0.0,110.77465352099856,-0.36151367507788124
2025-03-21 00:00:00+00:00,110.386301,0.0,110.78503592073915,-0.3599176706720738
2025-03-22 00:00:00+00:00,110.410432,0.0,110.79541929357441,-0.3474758216802371
2025-03-23 00:00:00+00:00,110.410432,0.0,110.80580363959554,-0.3568149199851617
2025-03-24 00:00:00+00:00,110.410432,0.0,110.81618895889375,-0.3661531430613073
2025-03-25 00:00:00+00:00,110.434075,0.0,110.82657525156026,-0.35415716011194187
2025-03-26 00:00:00+00:00,110.446012,0.0,110.8369625176863,-0.3527257593548021
2025-03-27 00:00:00+00:00,110.458064,0.0,110.84735075736312,-0.35119175578245826
2025-03-28 00:00:00+00:00,110.470234,0.0,110.85773997068195,-0.349552472190417
2025-03-29 00:00:00+00:00,110.494417,0.0,110.86813015773404,-0.3370789758989861
2025-03-30 00:00:00+00:00,110.494417,0.0,110.87852131861068,-0.3464190485612209
2025-03-31 00:00:00+00:00,110.494417,0.0,110.88891345340312,-0.3557582459033596
2025-04-01 00:00:00+00:00,110.517937,0.0,110.89930656220264,-0.3438881396329817
2025-04-02 00:00:00+00:00,110.530316,0.0,110.90970064510054,-0.3420662420815063
2025-04-03 00:00:00+00:00,110.5424,0.0,110.92009570218812,-0.34051151849183753
2025-04-04 00:00:00+00:00,110.554787,0.0,110.93049173355668,-0.33868481756943525
2025-04-05 00:00:00+00:00,110.579242,0.0,110.94088873929752,-0.32598146941779815
2025-04-06 00:00:00+00:00,110.579242,0.0,110.951286719502,-0.33532258210089366
2025-04-07 00:00:00+00:00,110.579242,0.0,110.96168567426142,-0.34466281936642856
2025-04-08 00:00:00+00:00,110.604443,0.0,110.97208560366713,-0.3312928667305976
2025-04-09 00:00:00+00:00,110.61557,0.0,110.98248650781048,-0.3306075754435818
2025-04-10 00:00:00+00:00,110.627843,0.0,110.99288838678282,-0.3288907893906965
2025-04-11 00:00:00+00:00,110.639313,0.0,111.00329124067554,-0.3278986024714926
2025-04-12 00:00:00+00:00,110.663698,0.0,111.01369506957998,-0.3152737771322872
2025-04-13 00:00:00+00:00,110.663698,0.0,111.02409987358756,-0.32461589330417234
2025-04-14 00:00:00+00:00,110.663698,0.0,111.03450565278965,-0.3339571339644494
2025-04-15 00:00:00+00:00,110.687412,0.0,111.04491240727765,-0.32194217594270014
2025-04-16 00:00:00+00:00,110.699667,0.0,111.05532013714297,-0.32024862627361494
2025-04-17 00:00:00+00:00,110.711916,0.0,111.06572884247704,-0.31856167169158756
2025-04-18 00:00:00+00:00,110.748194,0.0,111.07613852337127,-0.2952429997395616
2025-04-19 00:00:00+00:00,110.748194,0.0,111.0865491799171,-0.30458699312830173
2025-04-20 00:00:00+00:00,110.748194,0.0,111.09696081220598,-0.31393011082951416
2025-04-21 00:00:00+00:00,110.748194,0.0,111.10737342032935,-0.32327235292526085
2025-04-22 00:00:00+00:00,110.771413,0.0,111.11778700437868,-0.31171787498345277
2025-04-23 00:00:00+00:00,110.783534,0.0,111.12820156444545,-0.3101531020868406
2025-04-24 00:00:00+00:00,110.795699,0.0,111.13861710062112,-0.3085499078242562
2025-04-25 00:00:00+00:00,110.807849,0.0,111.14903361299717,-0.30696138500413517
2025-04-26 00:00:00+00:00,110.831761,0.0,111.15945110166511,-0.29479283895114855
2025-04-27 00:00:00+00:00,110.831761,0.0,111.16986956671644,-0.3041368745274397
2025-04-28 00:00:00+00:00,110.831761,0.0,111.18028900824268,-0.3134800344122527
2025-04-29 00:00:00+00:00,110.856325,0.0,111.19070942633535,-0.3007305448994186
2025-04-30 00:00:00+00:00,110.868482,0.0,111.20113082108595,-0.29914158123190315
2025-05-01 00:00:00+00:00,110.880596,0.0,111.21155319258605,-0.2975924560759742
2025-05-02 00:00:00+00:00,110.892683,0.0,111.22197654092719,-0.2960687727087905
2025-05-03 00:00:00+00:00,110.917023,0.0,111.2324008662009,-0.28353057539436366
2025-05-04 00:00:00+00:00,110.917023,0.0,111.24282616849878,-0.29287566643199797
2025-05-05 00:00:00+00:00,110.917023,0.0,111.25325244791237,-0.30221988167922775
2025-05-06 00:00:00+00:00,110.94163,0.0,111.26367970453327,-0.2894472889881865
2025-05-07 00:00:00+00:00,110.953822,0.0,111.27410793845307,-0.28783509873673574
2025-05-08 00:00:00+00:00,110.965999,0.0,111.28453714976337,-0.28623756536336303
2025-05-09 00:00:00+00:00,110.978086,0.0,111.29496733855575,-0.28472207336366134
2025-05-10 00:00:00+00:00,111.002095,0.0,111.30539850492185,-0.2724966704184119
2025-05-11 00:00:00+00:00,111.002095,0.0,111.3158306489533,-0.2818427955163875
2025-05-12 00:00:00+00:00,111.002095,0.0,111.3262637707417,-0.2911880447270555
2025-05-13 00:00:00+00:00,111.026397,0.0,111.33669787037873,-0.2787049340550644
2025-05-14 00:00:00+00:00,111.038681,0.0,111.34713294795601,-0.2770183118232484
2025-05-15 00:00:00+00:00,111.050863,0.0,111.3575690035652,-0.2754244783804295
2025-05-16 00:00:00+00:00,111.063,0.0,111.36800603729799,-0.27387222610040884
2025-05-17 00:00:00+00:00,111.087088,0.0,111.37844404924603,-0.2615910571683065
2025-05-18 00:00:00+00:00,111.087088,0.0,111.38888303950101,-0.2709382043035594
2025-05-19 00:00:00+00:00,111.087088,0.0,111.39932300815462,-0.28028447545572066
2025-05-20 00:00:00+00:00,111.111622,0.0,111.40976395529857,-0.2676084615152765
2025-05-21 00:00:00+00:00,111.123837,0.0,111.42020588102457,-0.2659920421804302
2025-05-22 00:00:00+00:00,111.136,0.0,111.43064878542432,-0.26442346754322243
2025-05-23 00:00:00+00:00,111.148237,0.0,111.44109266858958,-0.2627896600587843
2025-05-24 00:00:00+00:00,111.172217,0.0,111.45153753061204,-0.2506206166382584
2025-05-25 00:00:00+00:00,111.172217,0.0,111.46198337158349,-0.25996879188618177
2025-05-26 00:00:00+00:00,111.172217,0.0,111.47243019159565,-0.2693160910546648
2025-05-27 00:00:00+00:00,111.172217,0.0,111.48287799074029,-0.2786625142258094
2025-05-28 00:00:00+00:00,111.209583,0.0,111.49332676910919,-0.25449394805197323
2025-05-29 00:00:00+00:00,111.221647,0.0,111.50377652679411,-0.2530223958166234
2025-05-30 00:00:00+00:00,111.233893,0.0,111.51422726388685,-0.25138878757010547
2025-05-31 00:00:00+00:00,111.258219,0.0,111.5246789804792,-0.23892467829998207
2025-06-01 00:00:00+00:00,111.258219,0.0,111.53513167666296,-0.24827394965177552
2025-06-02 00:00:00+00:00,111.258219,0.0,111.54558535252995,-0.25762234482141244
2025-06-03 00:00:00+00:00,111.282686,0.0,111.55604000817199,-0.24503738941608885
2025-06-04 00:00:00+00:00,111.294833,0.0,111.56649564368091,-0.24349841062369076
2025-06-05 00:00:00+00:00,111.307028,0.0,111.57695225914854,-0.2419175767784128
2025-06-06 00:00:00+00:00,111.319218,0.0,111.58740985466675,-0.24034239616820252
2025-06-07 00:00:00+00:00,111.343325,0.0,111.59786843032737,-0.22808986758227368
2025-06-08 00:00:00+00:00,111.343325,0.0,111.60832798622228,-0.23744015433597299
2025-06-09 00:00:00+00:00,111.343325,0.0,111.61878852244334,-0.24678956481234152
2025-06-10 00:00:00+00:00,111.367153,0.0,111.62925003908244,-0.23479243924927504
2025-06-11 00:00:00+00:00,111.380106,0.0,111.63971253623147,-0.23253959575291874
2025-06-12 00:00:00+00:00,111.392261,0.0,111.65017601398233,-0.23100278314834669
2025-06-13 00:00:00+00:00,111.404436,0.0,111.66064047242692,-0.22944922341743323
2025-06-14 00:00:00+00:00,111.428536,0.0,111.67110591165716,-0.21721815117427723
2025-06-15 00:00:00+00:00,111.428536,0.0,111.68157233176498,-0.22656945678854748
2025-06-16 00:00:00+00:00,111.428536,0.0,111.6920397328423,-0.23591988603000508
2025-06-17 00:00:00+00:00,111.453107,0.0,111.70250811498109,-0.2232726186634608
2025-06-18 00:00:00+00:00,111.465313,0.0,111.71297747827326,-0.22169714196493637
2025-06-19 00:00:00+00:00,111.477527,0.0,111.7234478228108,-0.22011567634470405
2025-06-20 00:00:00+00:00,111.477527,0.0,111.73391914868566,-0.22946671041268923
2025-06-21 00:00:00+00:00,111.513874,0.0,111.74439145598983,-0.20628995602040104
2025-06-22 00:00:00+00:00,111.513874,0.0,111.75486474481528,-0.21564228578824207
2025-06-23 00:00:00+00:00,111.513874,0.0,111.76533901525401,-0.2249937390872963
2025-06-24 00:00:00+00:00,111.538416,0.0,111.77581426739803,-0.21238786669011783
2025-06-25 00:00:00+00:00,111.550571,0.0,111.78629050133935,-0.2108661986028799
2025-06-26 00:00:00+00:00,111.56277,0.0,111.79676771716998,-0.2093063350113712
2025-06-27 00:00:00+00:00,111.574942,0.0,111.80724591498196,-0.20777178892199236
2025-06-28 00:00:00+00:00,111.599343,0.0,111.81772509486731,-0.19530185816428577
2025-06-29 00:00:00+00:00,111.599343,0.0,111.82820525691808,-0.20465521769957867
2025-06-30 00:00:00+00:00,111.599343,0.0,111.83868640122634,-0.21400770066958788
2025-07-01 00:00:00+00:00,111.624055,0.0,111.84916852788413,-0.20126526718704404
2025-07-02 00:00:00+00:00,111.636417,0.0,111.85965163698354,-0.19956671929214329
2025-07-03 00:00:00+00:00,111.648787,0.0,111.87013572861665,-0.19786221512559168
2025-07-04 00:00:00+00:00,111.685603,0.0,111.88062080287553,-0.17430883157068947
2025-07-05 00:00:00+00:00,111.685603,0.0,111.89110685985227,-0.18366415850159792
2025-07-06 00:00:00+00:00,111.685603,0.0,111.90159389963901,-0.19301860868284457
2025-07-07 00:00:00+00:00,111.685603,0.0,111.91208192232784,-0.20237218219658318
2025-07-08 00:00:00+00:00,111.710251,0.0,111.9225709280109,-0.1897025115224205
2025-07-09 00:00:00+00:00,111.722474,0.0,111.93306091678029,-0.18813647644001547
2025-07-10 00:00:00+00:00,111.734843,0.0,111.94355188872818,-0.1864411886230292
2025-07-11 00:00:00+00:00,111.74711,0.0,111.9540438439467,-0.18483820400015782
2025-07-12 00:00:00+00:00,111.771609,0.0,111.96453678252803,-0.17231150869025622
2025-07-13 00:00:00+00:00,111.771609,0.0,111.97503070456432,-0.18166702280352975
2025-07-14 00:00:00+00:00,111.771609,0.0,111.98552561014775,-0.19102166014959004
2025-07-15 00:00:00+00:00,111.796198,0.0,111.9960214993705,-0.17842017662352286
2025-07-16 00:00:00+00:00,111.808545,0.0,112.00651837232476,-0.1767516526731752
2025-07-17 00:00:00+00:00,111.820898,0.0,112.01701622910274,-0.1750789618441776
2025-07-18 00:00:00+00:00,111.833225,0.0,112.02751506979664,-0.17343066984533914
2025-07-19 00:00:00+00:00,111.857661,0.0,112.03801489449867,-0.16097562480780403
2025-07-20 00:00:00+00:00,111.857661,0.0,112.04851570330108,-0.17033220128186133
2025-07-21 00:00:00+00:00,111.857661,0.0,112.0590174962961,-0.17968790088915007
2025-07-22 00:00:00+00:00,111.882491,0.0,112.06952027357595,-0.16688683338643967
2025-07-23 00:00:00+00:00,111.894759,0.0,112.08002403523291,-0.16529710519572818
2025-07-24 00:00:00+00:00,111.907045,0.0,112.09052878135923,-0.16369249333913596
2025-07-25 00:00:00+00:00,111.919353,0.0,112.10103451204718,-0.16206943391557418
2025-07-26 00:00:00+00:00,111.943755,0.0,112.11154122738904,-0.1496600845480604
2025-07-27 00:00:00+00:00,111.943755,0.0,112.1220489274771,-0.15901772147637425
2025-07-28 00:00:00+00:00,111.943755,0.0,112.13255761240364,-0.16837448143853273
2025-07-29 00:00:00+00:00,111.968621,0.0,112.14306728226099,-0.1555569028818439
2025-07-30 00:00:00+00:00,111.980966,0.0,112.15357793714143,-0.15390675921028882
2025-07-31 00:00:00+00:00,111.993332,0.0,112.16408957713732,-0.1522390791750596
2025-08-01 00:00:00+00:00,112.005667,0.0,112.17460220234096,-0.15060022413650748
2025-08-02 00:00:00+00:00,112.030349,0.0,112.1851158128447,-0.13795663687052015
2025-08-03 00:00:00+00:00,112.030349,0.0,112.19563040874088,-0.14731537060645164
2025-08-04 00:00:00+00:00,112.030349,0.0,112.20614599012187,-0.15667322727343616
2025-08-05 00:00:00+00:00,112.055388,0.0,112.21666255708003,-0.14371712133035544
2025-08-06 00:00:00+00:00,112.06777,0.0,112.22718010970773,-0.1420423372946769
2025-08-07 00:00:00+00:00,112.080174,0.0,112.23769864809736,-0.1403491429303598
2025-08-08 00:00:00+00:00,112.092596,0.0,112.24821817234131,-0.13864110707073707
2025-08-09 00:00:00+00:00,112.117379,0.0,112.25873868253197,-0.1259230988972143
2025-08-10 00:00:00+00:00,112.117379,0.0,112.26926017876175,-0.1352829603757261
2025-08-11 00:00:00+00:00,112.117379,0.0,112.27978266112308,-0.14464194467960223
2025-08-12 00:00:00+00:00,112.142513,0.0,112.29030612970837,-0.13161699776439953
2025-08-13 00:00:00+00:00,112.154989,0.0,112.30083058461005,-0.12986687974687164
2025-08-14 00:00:00+00:00,112.167518,0.0,112.31135602592059,-0.12807077664291616
2025-08-15 00:00:00+00:00,112.180032,0.0,112.32188245373241,-0.12628924180544052
2025-08-16 00:00:00+00:00,112.204804,0.0,112.332409868138,-0.11359666216348055
2025-08-17 00:00:00+00:00,112.204804,0.0,112.3429382692298,-0.12295767883404507
2025-08-18 00:00:00+00:00,112.204804,0.0,112.35346765710031,-0.13231781822171435
2025-08-19 00:00:00+00:00,112.229936,0.0,112.363998031842,-0.1193104857340655
2025-08-20 00:00:00+00:00,112.242395,0.0,112.37452939354738,-0.11758393495435819
2025-08-21 00:00:00+00:00,112.254865,0.0,112.38506174230895,-0.11584879724272037
2025-08-22 00:00:00+00:00,112.267025,0.0,112.39559507821922,-0.11439067352215788
2025-08-23 00:00:00+00:00,112.291774,0.0,112.4061294013707,-0.10173413316490133
2025-08-24 00:00:00+00:00,112.291774,0.0,112.41666471185594,-0.11109626155166355
2025-08-25 00:00:00+00:00,112.291774,0.0,112.42720100976746,-0.12045751255133419
2025-08-26 00:00:00+00:00,112.316741,0.0,112.43773829519782,-0.10761270818179752
2025-08-27 00:00:00+00:00,112.328903,0.0,112.44827656823956,-0.10615864634183586
2025-08-28 00:00:00+00:00,112.341406,0.0,112.45881582898527,-0.10440251226173597
2025-08-29 00:00:00+00:00,112.353913,0.0,112.4693560775275,-0.10264402816346717
2025-08-30 00:00:00+00:00,112.391272,0.0,112.47989731395883,-0.07879213626187286
2025-08-31 00:00:00+00:00,112.391272,0.0,112.49043953837186,-0.08815641469516296
2025-09-01 00:00:00+00:00,112.391272,0.0,112.5009827508592,-0.09751981553988279
2025-09-02 00:00:00+00:00,112.391272,0.0,112.51152695151343,-0.10688233887826834
2025-09-03 00:00:00+00:00,112.416614,0.0,112.52207214042718,-0.09372218127620079
2025-09-04 00:00:00+00:00,112.429047,0.0,112.53261831769309,-0.09203670832638161
2025-09-05 00:00:00+00:00,112.441466,0.0,112.54316548340378,-0.09036486841910857
2025-09-06 00:00:00+00:00,112.466057,0.0,112.5537136376519,-0.0778798271677517
2025-09-07 00:00:00+00:00,112.466057,0.0,112.56426278053009,-0.08724419109958063
2025-09-08 00:00:00+00:00,112.466057,0.0,112.57481291213101,-0.09660767743481875
2025-09-09 00:00:00+00:00,112.491843,0.0,112.58536403254733,-0.08306677635317963
2025-09-10 00:00:00+00:00,112.504293,0.0,112.59591614187173,-0.08137341478377941
2025-09-11 00:00:00+00:00,112.516669,0.0,112.60646924019689,-0.07974696374268168
2025-09-12 00:00:00+00:00,112.529076,0.0,112.61702332761551,-0.07809416819663312
2025-09-13 00:00:00+00:00,112.55367,0.0,112.6275784042203,-0.06562194203896264
2025-09-14 00:00:00+00:00,112.55367,0.0,112.63813447010396,-0.07498745473841742
2025-09-15 00:00:00+00:00,112.55367,0.0,112.64869152535923,-0.08435208973362819
2025-09-16 00:00:00+00:00,112.579161,0.0,112.65924957007881,-0.07108920961611398
2025-09-17 00:00:00+00:00,112.591652,0.0,112.66980860435545,-0.06936783271719782
2025-09-18 00:00:00+00:00,112.603901,0.0,112.68036862828191,-0.06786242289832668
2025-09-19 00:00:00+00:00,112.61619,0.0,112.69092964195093,-0.06632267760004724
2025-09-20 00:00:00+00:00,112.640624,0.0,112.70149164545528,-0.054007843699848235
2025-09-21 00:00:00+00:00,112.640624,0.0,112.71205463888772,-0.06337444483340487
2025-09-22 00:00:00+00:00,112.640624,0.0,112.72261862234106,-0.07274016816071897
2025-09-23 00:00:00+00:00,112.664894,0.0,112.73318359590806,-0.06057630391494961
2025-09-24 00:00:00+00:00,112.676981,0.0,112.74374955968153,-0.05922151777131583
2025-09-25 00:00:00+00:00,112.689033,0.0,112.75431651375429,-0.057898904248451996
2025-09-26 00:00:00+00:00,112.701078,0.0,112.76488445821914,-0.05658362399403572
2025-09-27 00:00:00+00:00,112.724734,0.0,112.77545339316892,-0.04497378786152671
2025-09-28 00:00:00+00:00,112.724734,0.0,112.78602331869644,-0.05434123563631189
2025-09-29 00:00:00+00:00,112.724734,0.0,112.79659423489456,-0.06370780552550362
2025-09-30 00:00:00+00:00,112.749014,0.0,112.80716614185613,-0.051550042293412195
2025-10-01 00:00:00+00:00,112.761101,0.0,112.81773903967401,-0.050203133085387694
2025-10-02 00:00:00+00:00,112.772577,0.0,112.82831292844106,-0.04939888490260053
2025-10-03 00:00:00+00:00,112.784525,0.0,112.83888780825016,-0.04817736979341846
2025-10-04 00:00:00+00:00,112.808362,0.0,112.8494636791942,-0.03642168766618318
2025-10-05 00:00:00+00:00,112.808362,0.0,112.86004054136608,-0.04578993691494489
2025-10-06 00:00:00+00:00,112.808362,0.0,112.87061839485868,-0.05515730820299514
2025-10-07 00:00:00+00:00,112.832375,0.0,112.88119723976494,-0.043250993928815644
2025-10-08 00:00:00+00:00,112.844276,0.0,112.89177707617777,-0.0420766484575116
2025-10-09 00:00:00+00:00,112.856228,0.0,112.9023579041901,-0.040858229222495074
2025-10-10 00:00:00+00:00,112.868135,0.0,112.91293972389487,-0.039680769984760805
2025-10-11 00:00:00+00:00,112.89177,0.0,112.923522535385,-0.02811861928506555
2025-10-12 00:00:00+00:00,112.89177,0.0,112.9341063387535,-0.03748764666938595
2025-10-13 00:00:00+00:00,112.89177,0.0,112.94469113409328,-0.04685579602006378
2025-10-14 00:00:00+00:00,112.915693,0.0,112.95527692149734,-0.03504388867538223
2025-10-15 00:00:00+00:00,112.927613,0.0,112.96586370105867,-0.033860406856973065
2025-10-16 00:00:00+00:00,112.939501,0.0,112.97645147287024,-0.03270634932192411
2025-10-17 00:00:00+00:00,112.951509,0.0,112.98704023702506,-0.031447179207913366
2025-10-18 00:00:00+00:00,112.975198,0.0,112.99762999361613,-0.019851738144765513
2025-10-19 00:00:00+00:00,112.975198,0.0,113.00822074273647,-0.029221540273286575
2025-10-20 00:00:00+00:00,112.975198,0.0,113.0188124844791,-0.038590464295563794
2025-10-21 00:00:00+00:00,112.999088,0.0,113.02940521893706,-0.026822417474756118
2025-10-22 00:00:00+00:00,113.01089,0.0,113.0399989462034,-0.025751014220414974
2025-10-23 00:00:00+00:00,113.022798,0.0,113.05059366637116,-0.02458692649875959
2025-10-24 00:00:00+00:00,113.034687,0.0,113.0611893795334,-0.023440740079632424
2025-10-25 00:00:00+00:00,113.058279,0.0,113.0717860857832,-0.01194558452712161
2025-10-26 00:00:00+00:00,113.058279,0.0,113.08238378521364,-0.02131612759368577
2025-10-27 00:00:00+00:00,113.058279,0.0,113.09298247791779,-0.030685792484572236
2025-10-28 00:00:00+00:00,113.082194,0.0,113.10358216398875,-0.018910244555946448
2025-10-29 00:00:00+00:00,113.094122,0.0,113.11418284351961,-0.017735038184705586
2025-10-30 00:00:00+00:00,113.105923,0.0,113.12478451660351,-0.016673195607934555
2025-10-31 00:00:00+00:00,113.117672,0.0,113.13538718333356,-0.015658392811134472
2025-11-01 00:00:00+00:00,113.129043,0.0,113.14599084380289,-0.014978740012354838
2025-11-02 00:00:00+00:00,113.129043,0.0,113.15659549810464,-0.024348998821815668
2025-11-03 00:00:00+00:00,113.129043,0.0,113.16720114633195,-0.03371837948224174
2025-11-04 00:00:00+00:00,113.16389,0.0,113.17780778857798,-0.012297277045676284
2025-11-05 00:00:00+00:00,113.175508,0.0,113.1884154249359,-0.011403485849188781
2025-11-06 00:00:00+00:00,113.18696,0.0,113.19902405549887,-0.010657384725290136
2025-11-07 00:00:00+00:00,113.198356,0.0,113.20963368036008,-0.009961767380965747
2025-11-08 00:00:00+00:00,113.221098,0.0,113.22024429961273,0.0007540174396801127
2025-11-09 00:00:00+00:00,113.221098,0.0,113.23085591335001,-0.00861771579072227
2025-11-10 00:00:00+00:00,113.221098,0.0,113.24146852166514,-0.017988570733914147
2025-11-11 00:00:00+00:00,113.244202,0.0,113.25208212465132,-0.006958039537541547
2025-11-12 00:00:00+00:00,113.255733,0.0,113.26269672240178,-0.0061482929537213645
2025-11-13 00:00:00+00:00,113.267269,0.0,113.27331231500978,-0.0053351622604362655
2025-11-14 00:00:00+00:00,113.278752,0.0,113.28392890256852,-0.004569847301971879
2025-11-15 00:00:00+00:00,113.301584,0.0,113.29454648517128,0.006211697779861957
2025-11-16 00:00:00+00:00,113.301584,0.0,113.30516506291131,-0.0031605469259237406
2025-11-17 00:00:00+00:00,113.301584,0.0,113.3157846358819,-0.012531913296565667
2025-11-18 00:00:00+00:00,113.324704,0.0,113.3264052041763,-0.0015011542748881838
2025-11-19 00:00:00+00:00,113.336209,0.0,113.3370267678878,-0.0007215363867667222
2025-11-20 00:00:00+00:00,113.347643,0.0,113.34764932710972,-5.582038757498935e-06
2025-11-21 00:00:00+00:00,113.359032,0.0,113.35827288193535,0.0006696626945266232
2025-11-22 00:00:00+00:00,113.381577,0.0,113.368897432458,0.011184344056577162
2025-11-23 00:00:00+00:00,113.381577,0.0,113.37952297877099,0.0018116333311657216
2025-11-24 00:00:00+00:00,113.381577,0.0,113.39014952096767,-0.007560199015426863
2025-11-25 00:00:00+00:00,113.40452,0.0,113.40077705914136,0.00330063069734638
2025-11-26 00:00:00+00:00,113.415967,0.0,113.41140559338542,0.004021999895605131
2025-11-27 00:00:00+00:00,113.438822,0.0,113.42203512379321,0.014800365897571957
2025-11-28 00:00:00+00:00,113.438822,0.0,113.43266565045808,0.005427316290790306
2025-11-29 00:00:00+00:00,113.47319,0.0,113.44329717347341,0.026350456370181467
2025-11-30 00:00:00+00:00,113.47319,0.0,113.45392969293259,0.016976324327893446
2025-12-01 00:00:00+00:00,113.47319,0.0,113.46456320892901,0.0076030707976286254
2025-12-02 00:00:00+00:00,113.484693,0.0,113.47519772155606,0.008367712623189347
2025-12-03 00:00:00+00:00,113.496183,0.0,113.48583323090716,0.00911987760779113
2025-12-04 00:00:00+00:00,113.507468,0.0,113.49646973707573,0.009690400899475992
2025-12-05 00:00:00+00:00,113.518781,0.0,113.5071072401552,0.01028460695426948
2025-12-06 00:00:00+00:00,113.541087,0.0,113.517745740239,0.020561771737806236
2025-12-07 00:00:00+00:00,113.541087,0.0,113.52838523742057,0.01118818219150779
2025-12-08 00:00:00+00:00,113.541087,0.0,113.53902573179336,0.0018154711063972523
2025-12-09 00:00:00+00:00,113.563941,0.0,113.54966722345085,0.012570513765625712
2025-12-10 00:00:00+00:00,113.575262,0.0,113.5603097124865,0.013166825232646218
2025-12-11 00:00:00+00:00,113.586507,0.0,113.57095319899379,0.013695228020982886
2025-12-12 00:00:00+00:00,113.597703,0.0,113.5815976830662,0.01417951258154397
2025-12-13 00:00:00+00:00,113.619186,0.0,113.59224316479725,0.023718904083668807
2025-12-14 00:00:00+00:00,113.619186,0.0,113.60288964428044,0.01434501866157546
2025-12-15 00:00:00+00:00,113.619186,0.0,113.61353712160927,0.004972011728394107
2025-12-16 00:00:00+00:00,113.641176,0.0,113.62418559687727,0.01495315722923008
2025-12-17 00:00:00+00:00,113.652288,0.0,113.63483507017797,0.015358784840273105
2025-12-18 00:00:00+00:00,113.663143,0.0,113.64548554160491,0.015537316164334639
2025-12-19 00:00:00+00:00,113.674158,0.0,113.65613701125164,0.01585571111446213
2025-12-20 00:00:00+00:00,113.695975,0.0,113.66678947921173,0.025676383508317895
2025-12-21 00:00:00+00:00,113.695975,0.0,113.67744294557873,0.016302314637868316
2025-12-22 00:00:00+00:00,113.695975,0.0,113.68809741044623,0.00692912427352125
2025-12-23 00:00:00+00:00,113.717952,0.0,113.69875287390782,0.01688596014194387
2025-12-24 00:00:00+00:00,113.728942,0.0,113.70940933605708,0.017177702405610538
2025-12-25 00:00:00+00:00,113.750515,0.0,113.72006679698761,0.02677469673557223
2025-12-26 00:00:00+00:00,113.750515,0.0,113.73072525679304,0.017400524934905116
2025-12-27 00:00:00+00:00,113.771869,0.0,113.74138471556697,0.026801400835115174
2025-12-28 00:00:00+00:00,113.771869,0.0,113.75204517340303,0.017427226531833158
2025-12-29 00:00:00+00:00,113.771869,0.0,113.76270663039487,0.008053930744535864
2025-12-30 00:00:00+00:00,113.794031,0.0,113.77336908663614,0.018160588483701463
2025-12-31 00:00:00+00:00,113.80492,0.0,113.78403254222047,0.01835710803426867
2026-01-01 00:00:00+00:00,113.815781,0.0,113.79469699724154,0.018528106594429234
2026-01-02 00:00:00+00:00,113.815781,0.0,113.80536245179303,0.009154707636368343
2026-01-03 00:00:00+00:00,113.848409,0.0,113.81602890596861,0.028449502537245718
2026-01-04 00:00:00+00:00,113.848409,0.0,113.82669635986197,0.019075173779435534
2026-01-05 00:00:00+00:00,113.848409,0.0,113.83736481356682,0.009701723552077181
2026-01-06 00:00:00+00:00,113.870099,0.0,113.84803426717686,0.01938086411870598
2026-01-07 00:00:00+00:00,113.880801,0.0,113.8587047207858,0.01940675442285834
2026-01-08 00:00:00+00:00,113.891568,0.0,113.86937617448737,0.019488844374302938
2026-01-09 00:00:00+00:00,113.902154,0.0,113.8800486283753,0.019411101321906172
2026-01-10 00:00:00+00:00,113.923232,0.0,113.89072208254335,0.0285448339093754
2026-01-11 00:00:00+00:00,113.923232,0.0,113.90139653708526,0.01917049621742575
2026-01-12 00:00:00+00:00,113.923232,0.0,113.9120719920948,0.009797037056773369
2026-01-13 00:00:00+00:00,113.944749,0.0,113.92274844766571,0.019311816677594684
2026-01-14 00:00:00+00:00,113.955351,0.0,113.9334259038918,0.019243778491033883
2026-01-15 00:00:00+00:00,113.965968,0.0,113.94410436086685,0.019188038956289757
2026-01-16 00:00:00+00:00,113.976521,0.0,113.95478381868465,0.019075268792528674
2026-01-17 00:00:00+00:00,113.997428,0.0,113.965464277439,0.02804684977476109
2026-01-18 00:00:00+00:00,113.997428,0.0,113.97614573722372,0.018672558752204978
2026-01-19 00:00:00+00:00,113.997428,0.0,113.98682819813263,0.009299146256571852
2026-01-20 00:00:00+00:00,113.997428,0.0,113.99751166025956,-7.33877944739378e-05
2026-01-21 00:00:00+00:00,114.030816,0.0,114.00819612369835,0.019840570301721563
2026-01-22 00:00:00+00:00,114.041249,0.0,114.01888158854285,0.019617287194463304
2026-01-23 00:00:00+00:00,114.051771,0.0,114.02956805488692,0.01947121741476058
2026-01-24 00:00:00+00:00,114.072566,0.0,114.04025552282442,0.02833251909813913
2026-01-25 00:00:00+00:00,114.072566,0.0,114.05094399244923,0.018958201303614114
2026-01-26 00:00:00+00:00,114.072566,0.0,114.06163346385523,0.009584762038524475
2026-01-27 00:00:00+00:00,114.094005,0.0,114.0723239371363,0.019006418134902052
2026-01-28 00:00:00+00:00,114.104581,0.0,114.08301541238636,0.018903416547749536
2026-01-29 00:00:00+00:00,114.115104,0.0,114.09370788969932,0.018753102775281895
2026-01-30 00:00:00+00:00,114.12561,0.0,114.10440136916908,0.018587040093479747
2026-01-31 00:00:00+00:00,114.146743,0.0,114.11509585088959,0.027732657870054918
2026-02-01 00:00:00+00:00,114.146743,0.0,114.12579133495477,0.01835839629250777
2026-02-02 00:00:00+00:00,114.146743,0.0,114.13648782145857,0.00898501323912274
2026-02-03 00:00:00+00:00,114.167974,0.0,114.14718531049495,0.018212178818518943
2026-02-04 00:00:00+00:00,114.17852,0.0,114.15788380215787,0.018076892418486576
2026-02-05 00:00:00+00:00,114.189097,0.0,114.1685832965413,0.017967905763901525
2026-02-06 00:00:00+00:00,114.199032,0.0,114.17928379373922,0.017295787470922076
2026-02-07 00:00:00+00:00,114.220182,0.0,114.18998529384561,0.02644426836265854
2026-02-08 00:00:00+00:00,114.220182,0.0,114.20068779695448,0.01707012752862846
2026-02-09 00:00:00+00:00,114.220182,0.0,114.21139130315984,0.007696865207444508
2026-02-10 00:00:00+00:00,114.239961,0.0,114.22209581255571,0.0156407456168586
2026-02-11 00:00:00+00:00,114.250262,0.0,114.2328013252361,0.015285167273625246
2026-02-12 00:00:00+00:00,114.260656,0.0,114.24350784129504,0.015010182223026159
2026-02-13 00:00:00+00:00,114.271114,0.0,114.25421536082658,0.014790385737674307
2026-02-14 00:00:00+00:00,114.291979,0.0,114.26492388392477,0.023677533888453534
2026-02-15 00:00:00+00:00,114.291979,0.0,114.27563341068367,0.014303652343441815
2026-02-16 00:00:00+00:00,114.291979,0.0,114.28634394119734,0.004930649286980954
2026-02-17 00:00:00+00:00,114.291979,0.0,114.29705547555989,-0.004441475363269184
2026-02-18 00:00:00+00:00,114.323805,0.0,114.30776801386537,0.014029655563458558
2026-02-19 00:00:00+00:00,114.334439,0.0,114.31848155620789,0.013958761151207226
2026-02-20 00:00:00+00:00,114.345129,0.0,114.32919610268155,0.013935982987355532
2026-02-21 00:00:00+00:00,114.365763,0.0,114.33991165338047,0.02260920639671334
2026-02-22 00:00:00+00:00,114.365763,0.0,114.35062820839876,0.013235424971744575
2026-02-23 00:00:00+00:00,114.365763,0.0,114.36134576783056,0.0038625220259407137
2026-02-24 00:00:00+00:00,114.386907,0.0,114.37206433176999,0.012977529361494378
2026-02-25 00:00:00+00:00,114.397453,0.0,114.38278390031122,0.012824569562460399
2026-02-26 00:00:00+00:00,114.408288,0.0,114.3935044735484,0.012923396760707858
2026-02-27 00:00:00+00:00,114.418824,0.0,114.40422605157569,0.012759973060548395
2026-02-28 00:00:00+00:00,114.44003,0.0,114.41494863448727,0.021921406085532075
2026-03-01 00:00:00+00:00,114.44003,0.0,114.42567222237733,0.012547689118889625
2026-03-02 00:00:00+00:00,114.44003,0.0,114.43639681534005,0.0031748506253734487
2026-03-03 00:00:00+00:00,114.461267,0.0,114.44712241346963,0.012359058255110187
2026-03-04 00:00:00+00:00,114.471935,0.0,114.45784901686028,0.012306699156688902
2026-03-05 00:00:00+00:00,114.482566,0.0,114.46857662560623,0.012221148201683824
2026-03-06 00:00:00+00:00,114.493027,0.0,114.4793052398017,0.011986236437713144
2026-03-07 00:00:00+00:00,114.503523,0.0,114.49003485954093,0.011781060662285485
2026-03-08 00:00:00+00:00,114.503523,0.0,114.50076548491816,0.0024082940145954885
2026-03-09 00:00:00+00:00,114.503523,0.0,114.51149711602764,-0.006963594249021277
2026-03-10 00:00:00+00:00,114.535336,0.0,114.52222975296364,0.01144428209670139
2026-03-11 00:00:00+00:00,114.54598,0.0,114.53296339582043,0.01136494140519546
2026-03-12 00:00:00+00:00,114.556573,0.0,114.54369804469229,0.01124021271138377
2026-03-13 00:00:00+00:00,114.567184,0.0,114.55443369967351,0.01113034206944367
2026-03-14 00:00:00+00:00,114.578072,0.0,114.56517036085839,0.01126139742207823
2026-03-15 00:00:00+00:00,114.578072,0.0,114.57590802834123,0.0018886794754783606
2026-03-16 00:00:00+00:00,114.578072,0.0,114.58664670221636,-0.007483160091623841
2026-03-17 00:00:00+00:00,114.609927,0.0,114.59738638257808,0.010943196714847486
2026-03-18 00:00:00+00:00,114.620515,0.0,114.60812706952075,0.010808945923821891
2026-03-19 00:00:00+00:00,114.631008,0.0,114.61886876313869,0.010590958532654397
2026-03-20 00:00:00+00:00,114.641494,0.0,114.62961146352626,0.010366026999503173
2026-03-21 00:00:00+00:00,114.652041,0.0,114.64035517077782,0.01019346913638339
2026-03-22 00:00:00+00:00,114.652041,0.0,114.65109988498774,0.000820851272423217
2026-03-23 00:00:00+00:00,114.652041,0.0,114.66184560625041,-0.008550888221424194
2026-03-24 00:00:00+00:00,114.683594,0.0,114.6725923346602,0.009593979795710568
2026-03-25 00:00:00+00:00,114.694214,0.0,114.6833400703115,0.00948169950564207
2026-03-26 00:00:00+00:00,114.704817,0.0,114.69408881329873,0.009353739859022008
2026-03-27 00:00:00+00:00,114.715446,0.0,114.7048385637163,0.009247592705353996
2026-03-28 00:00:00+00:00,114.725923,0.0,114.71558932165861,0.009008085476863168
2026-03-29 00:00:00+00:00,114.725923,0.0,114.72634108722012,-0.0003644212969436472
2026-03-30 00:00:00+00:00,114.725923,0.0,114.73709386049525,-0.009736049711035602
2026-03-31 00:00:00+00:00,114.757717,0.0,114.74784764157846,0.008600909406481592
2026-04-01 00:00:00+00:00,114.768403,0.0,114.75860243056421,0.008540161023419987
2026-04-02 00:00:00+00:00,114.779273,0.0,114.76935822754696,0.008638867208254726
2026-04-03 00:00:00+00:00,114.789948,0.0,114.78011503262118,0.008566786482151815
2026-04-04 00:00:00+00:00,114.789948,0.0,114.79087284588137,-0.000805678934607667
2026-04-05 00:00:00+00:00,114.789948,0.0,114.801631667422,-0.010177265995532777
2026-04-06 00:00:00+00:00,114.789948,0.0,114.81239149733759,-0.01954797478294066
2026-04-07 00:00:00+00:00,114.832096,0.0,114.82315233572263,0.007789077459946595
2026-04-08 00:00:00+00:00,114.842798,0.0,114.83391418267165,0.007736231401310169
2026-04-09 00:00:00+00:00,114.853438,0.0,114.84467703827919,0.00762853094000174
2026-04-10 00:00:00+00:00,114.8641,0.0,114.85544090263977,0.007539126829492436
2026-04-11 00:00:00+00:00,114.874729,0.0,114.86620577584794,0.0074201320523197
2026-04-12 00:00:00+00:00,114.874729,0.0,114.87697165799827,-0.0019522259038504616
2026-04-13 00:00:00+00:00,114.874729,0.0,114.8877385491853,-0.011323705514256247
2026-04-14 00:00:00+00:00,114.91056,0.0,114.89850644950361,0.010490606770147229
2026-04-15 00:00:00+00:00,114.92127,0.0,114.9092753590478,0.010438357490926073
2026-04-16 00:00:00+00:00,114.931958,0.0,114.92004527791244,0.010366095887579635
2026-04-17 00:00:00+00:00,114.942767,0.0,114.93081620619213,0.010398250184205959
2026-04-18 00:00:00+00:00,114.95336,0.0,114.94158814398149,0.010241598544615973
2026-04-19 00:00:00+00:00,114.95336,0.0,114.95236109137512,0.0008689761701243901
2026-04-20 00:00:00+00:00,114.95336,0.0,114.96313504846766,-0.008502767833826416
2026-04-21 00:00:00+00:00,114.985282,0.0,114.97391001535374,0.00989092624991311
2026-04-22 00:00:00+00:00,114.995838,0.0,114.984685992128,0.009698689678360121
2026-04-23 00:00:00+00:00,115.006466,0.0,114.99546297888509,0.00956822193666623
2026-04-24 00:00:00+00:00,115.01711,0.0,115.00624097571966,0.009450812571670592
2026-04-25 00:00:00+00:00,115.027753,0.0,115.01701998272641,0.009331677411922278
2026-04-26 00:00:00+00:00,115.027753,0.0,115.0278,-4.085968782765839e-05
